proc_code,short_description
20610,"Arthrocentesis/injection, major joint"
36415,Collection of venous blood by venipuncture
43644,Laparoscopic gastric bypass with Roux-en-Y gastroenterostomy
43775,Laparoscopic longitudinal gastrectomy (sleeve gastrectomy)
45378,"Colonoscopy, flexible, diagnostic"
47562,Laparoscopic cholecystectomy
59400,"Routine obstetric care including antepartum care, vaginal delivery and postpartum care"
71046,"Radiologic examination, chest, 2 views"
73562,"Radiologic examination, knee, 3 views"
74177,CT abdomen and pelvis with contrast
76700,"Ultrasound, abdominal, complete"
76805,"Ultrasound, pregnant uterus, after first trimester"
77067,"Screening mammography, bilateral"
80053,Comprehensive metabolic panel
80061,Lipid panel
81001,"Urinalysis, automated with microscopy"
83036,Hemoglobin A1c
84443,Thyroid stimulating hormone (TSH)
85025,Complete blood count with automated differential
93000,"Electrocardiogram, routine, with interpretation and report"
93306,"Echocardiography, transthoracic, complete with Doppler"
95806,"Home sleep study, unattended"
95810,"Polysomnography, 4 or more parameters, attended"
96360,"IV infusion, hydration; initial, 31 minutes to 1 hour"
96374,"Therapeutic/prophylactic/diagnostic injection, IV push, single or initial drug"
97110,"Therapeutic exercises, each 15 minutes"
99203,"Office/outpatient visit, new patient, low MDM"
99204,"Office/outpatient visit, new patient, moderate MDM"
99212,"Office/outpatient visit, established patient, straightforward MDM"
99213,"Office/outpatient visit, established patient, low MDM"
99214,"Office/outpatient visit, established patient, moderate MDM"
99215,"Office/outpatient visit, established patient, high MDM"
99222,"Initial hospital inpatient care, moderate MDM"
99223,"Initial hospital inpatient care, high MDM"
99232,"Subsequent hospital inpatient care, moderate MDM"
99238,"Hospital discharge day management, 30 minutes or less"
99283,"Emergency department visit, low MDM"
99284,"Emergency department visit, moderate MDM"
99285,"Emergency department visit, high MDM"
99396,"Periodic preventive medicine visit, established patient, 40-64 years"
G0438,"Annual wellness visit, initial"
J1885,"Injection, ketorolac tromethamine, per 15 mg"
J2405,"Injection, ondansetron hydrochloride, per 1 mg"
