ndc11,product_name,generic_name,strength,dosage_form,package_desc,labeler_name,therapeutic_class
00002250680,ZEPBOUND,TIRZEPATIDE,2.5 MG/0.5ML,SOLUTION AUTO-INJECTOR,4 PEN in 1 CARTON / 0.5 mL,ELI LILLY AND COMPANY,INCRETIN MIMETIC (GIP/GLP-1 RA)
00002249580,ZEPBOUND,TIRZEPATIDE,5 MG/0.5ML,SOLUTION AUTO-INJECTOR,4 PEN in 1 CARTON / 0.5 mL,ELI LILLY AND COMPANY,INCRETIN MIMETIC (GIP/GLP-1 RA)
00002248480,ZEPBOUND,TIRZEPATIDE,7.5 MG/0.5ML,SOLUTION AUTO-INJECTOR,4 PEN in 1 CARTON / 0.5 mL,ELI LILLY AND COMPANY,INCRETIN MIMETIC (GIP/GLP-1 RA)
00002247180,ZEPBOUND,TIRZEPATIDE,10 MG/0.5ML,SOLUTION AUTO-INJECTOR,4 PEN in 1 CARTON / 0.5 mL,ELI LILLY AND COMPANY,INCRETIN MIMETIC (GIP/GLP-1 RA)
00002246080,ZEPBOUND,TIRZEPATIDE,12.5 MG/0.5ML,SOLUTION AUTO-INJECTOR,4 PEN in 1 CARTON / 0.5 mL,ELI LILLY AND COMPANY,INCRETIN MIMETIC (GIP/GLP-1 RA)
00002245780,ZEPBOUND,TIRZEPATIDE,15 MG/0.5ML,SOLUTION AUTO-INJECTOR,4 PEN in 1 CARTON / 0.5 mL,ELI LILLY AND COMPANY,INCRETIN MIMETIC (GIP/GLP-1 RA)
00002150680,MOUNJARO,TIRZEPATIDE,2.5 MG/0.5ML,SOLUTION AUTO-INJECTOR,4 PEN in 1 CARTON / 0.5 mL,ELI LILLY AND COMPANY,INCRETIN MIMETIC (GIP/GLP-1 RA)
00002149580,MOUNJARO,TIRZEPATIDE,5 MG/0.5ML,SOLUTION AUTO-INJECTOR,4 PEN in 1 CARTON / 0.5 mL,ELI LILLY AND COMPANY,INCRETIN MIMETIC (GIP/GLP-1 RA)
00002148480,MOUNJARO,TIRZEPATIDE,7.5 MG/0.5ML,SOLUTION AUTO-INJECTOR,4 PEN in 1 CARTON / 0.5 mL,ELI LILLY AND COMPANY,INCRETIN MIMETIC (GIP/GLP-1 RA)
00002147180,MOUNJARO,TIRZEPATIDE,10 MG/0.5ML,SOLUTION AUTO-INJECTOR,4 PEN in 1 CARTON / 0.5 mL,ELI LILLY AND COMPANY,INCRETIN MIMETIC (GIP/GLP-1 RA)
00002146080,MOUNJARO,TIRZEPATIDE,12.5 MG/0.5ML,SOLUTION AUTO-INJECTOR,4 PEN in 1 CARTON / 0.5 mL,ELI LILLY AND COMPANY,INCRETIN MIMETIC (GIP/GLP-1 RA)
00002145780,MOUNJARO,TIRZEPATIDE,15 MG/0.5ML,SOLUTION AUTO-INJECTOR,4 PEN in 1 CARTON / 0.5 mL,ELI LILLY AND COMPANY,INCRETIN MIMETIC (GIP/GLP-1 RA)
00169452514,WEGOVY,SEMAGLUTIDE,0.25 MG/0.5ML,SOLUTION AUTO-INJECTOR,4 PEN in 1 CARTON,NOVO NORDISK,INCRETIN MIMETIC (GLP-1 RA)
00169450514,WEGOVY,SEMAGLUTIDE,0.5 MG/0.5ML,SOLUTION AUTO-INJECTOR,4 PEN in 1 CARTON,NOVO NORDISK,INCRETIN MIMETIC (GLP-1 RA)
00169450114,WEGOVY,SEMAGLUTIDE,1 MG/0.5ML,SOLUTION AUTO-INJECTOR,4 PEN in 1 CARTON,NOVO NORDISK,INCRETIN MIMETIC (GLP-1 RA)
00169451714,WEGOVY,SEMAGLUTIDE,1.7 MG/0.75ML,SOLUTION AUTO-INJECTOR,4 PEN in 1 CARTON,NOVO NORDISK,INCRETIN MIMETIC (GLP-1 RA)
00169452414,WEGOVY,SEMAGLUTIDE,2.4 MG/0.75ML,SOLUTION AUTO-INJECTOR,4 PEN in 1 CARTON,NOVO NORDISK,INCRETIN MIMETIC (GLP-1 RA)
00169413212,OZEMPIC,SEMAGLUTIDE,0.25 OR 0.5 MG/DOSE,SOLUTION PEN-INJECTOR,1 PEN in 1 CARTON,NOVO NORDISK,INCRETIN MIMETIC (GLP-1 RA)
00169413602,OZEMPIC,SEMAGLUTIDE,1 MG/DOSE,SOLUTION PEN-INJECTOR,1 PEN in 1 CARTON,NOVO NORDISK,INCRETIN MIMETIC (GLP-1 RA)
00169477212,OZEMPIC,SEMAGLUTIDE,2 MG/DOSE,SOLUTION PEN-INJECTOR,1 PEN in 1 CARTON,NOVO NORDISK,INCRETIN MIMETIC (GLP-1 RA)
00169280015,SAXENDA,LIRAGLUTIDE,18 MG/3ML,SOLUTION PEN-INJECTOR,5 PEN in 1 CARTON,NOVO NORDISK,INCRETIN MIMETIC (GLP-1 RA)
00169430130,RYBELSUS,SEMAGLUTIDE,7 MG,TABLET,30 TABLET in 1 BOTTLE,NOVO NORDISK,INCRETIN MIMETIC (GLP-1 RA)
51267089090,CONTRAVE,NALTREXONE HCL/BUPROPION HCL,8 MG-90 MG,"TABLET, EXTENDED RELEASE",120 TABLET in 1 BOTTLE,CURRAX PHARMACEUTICALS,ANTI-OBESITY AGENT
00591071201,PHENTERMINE HCL,PHENTERMINE HCL,37.5 MG,TABLET,100 TABLET in 1 BOTTLE,ACTAVIS,ANOREXIGENIC AGENT
65862000901,METFORMIN HCL ER,METFORMIN HCL,500 MG,"TABLET, EXTENDED RELEASE",100 TABLET in 1 BOTTLE,AUROBINDO PHARMA,BIGUANIDE
65862000801,METFORMIN HCL,METFORMIN HCL,1000 MG,TABLET,100 TABLET in 1 BOTTLE,AUROBINDO PHARMA,BIGUANIDE
00597015230,JARDIANCE,EMPAGLIFLOZIN,10 MG,TABLET,30 TABLET in 1 BOTTLE,BOEHRINGER INGELHEIM,SGLT2 INHIBITOR
00597015330,JARDIANCE,EMPAGLIFLOZIN,25 MG,TABLET,30 TABLET in 1 BOTTLE,BOEHRINGER INGELHEIM,SGLT2 INHIBITOR
00093804101,GLIPIZIDE,GLIPIZIDE,5 MG,TABLET,100 TABLET in 1 BOTTLE,TEVA,SULFONYLUREA
00002771559,BASAGLAR KWIKPEN,INSULIN GLARGINE,100 UNIT/ML,SOLUTION PEN-INJECTOR,5 PEN in 1 CARTON / 3 mL,ELI LILLY AND COMPANY,"INSULIN, LONG-ACTING"
00006027731,JANUVIA,SITAGLIPTIN,100 MG,TABLET,30 TABLET in 1 BOTTLE,MERCK SHARP & DOHME,DPP-4 INHIBITOR
68180098103,LISINOPRIL,LISINOPRIL,20 MG,TABLET,90 TABLET in 1 BOTTLE,VARIOUS GENERIC,ACE INHIBITOR
16714087203,AMLODIPINE BESYLATE,AMLODIPINE BESYLATE,10 MG,TABLET,90 TABLET in 1 BOTTLE,VARIOUS GENERIC,CALCIUM CHANNEL BLOCKER
68180021509,LOSARTAN POTASSIUM,LOSARTAN POTASSIUM,50 MG,TABLET,90 TABLET in 1 BOTTLE,VARIOUS GENERIC,ANGIOTENSIN II RECEPTOR BLOCKER
00093505898,ATORVASTATIN CALCIUM,ATORVASTATIN CALCIUM,40 MG,TABLET,90 TABLET in 1 BOTTLE,VARIOUS GENERIC,HMG-COA REDUCTASE INHIBITOR
00591377419,ROSUVASTATIN CALCIUM,ROSUVASTATIN CALCIUM,20 MG,TABLET,90 TABLET in 1 BOTTLE,VARIOUS GENERIC,HMG-COA REDUCTASE INHIBITOR
16714061201,SERTRALINE HCL,SERTRALINE HCL,100 MG,"TABLET, MODIFIED RELEASE",90 TABLET in 1 BOTTLE,VARIOUS GENERIC,SSRI
00378200805,BUPROPION HCL XL,BUPROPION HCL,300 MG,"TABLET, MODIFIED RELEASE",90 TABLET in 1 BOTTLE,VARIOUS GENERIC,"ANTIDEPRESSANT, OTHER"
16729017001,ESCITALOPRAM OXALATE,ESCITALOPRAM OXALATE,10 MG,TABLET,90 TABLET in 1 BOTTLE,VARIOUS GENERIC,SSRI
00093005401,BUSPIRONE HCL,BUSPIRONE HCL,10 MG,TABLET,90 TABLET in 1 BOTTLE,VARIOUS GENERIC,ANXIOLYTIC
62175011837,OMEPRAZOLE DR,OMEPRAZOLE,40 MG,"TABLET, MODIFIED RELEASE",90 TABLET in 1 BOTTLE,VARIOUS GENERIC,PROTON PUMP INHIBITOR
68382008710,PANTOPRAZOLE SODIUM DR,PANTOPRAZOLE SODIUM,40 MG,"TABLET, MODIFIED RELEASE",90 TABLET in 1 BOTTLE,VARIOUS GENERIC,PROTON PUMP INHIBITOR
00378180301,LEVOTHYROXINE SODIUM,LEVOTHYROXINE SODIUM,100 MCG,TABLET,90 TABLET in 1 BOTTLE,VARIOUS GENERIC,THYROID HORMONE
00378022205,SPIRONOLACTONE,SPIRONOLACTONE,100 MG,TABLET,90 TABLET in 1 BOTTLE,VARIOUS GENERIC,ALDOSTERONE ANTAGONIST
16714051202,CLOPIDOGREL,CLOPIDOGREL BISULFATE,75 MG,TABLET,90 TABLET in 1 BOTTLE,VARIOUS GENERIC,PLATELET AGGREGATION INHIBITOR
62037083190,METOPROLOL SUCCINATE ER,METOPROLOL SUCCINATE,50 MG,"TABLET, MODIFIED RELEASE",90 TABLET in 1 BOTTLE,VARIOUS GENERIC,BETA BLOCKER
00054429731,FUROSEMIDE,FUROSEMIDE,40 MG,TABLET,90 TABLET in 1 BOTTLE,VARIOUS GENERIC,LOOP DIURETIC
65862001501,AMOXICILLIN,AMOXICILLIN,500 MG,CAPSULE,100 CAPSULE in 1 BOTTLE,AUROBINDO PHARMA,PENICILLIN ANTIBIOTIC
59762314901,AZITHROMYCIN,AZITHROMYCIN,250 MG,TABLET,6 TABLET in 1 BLISTER PACK,GREENSTONE,MACROLIDE ANTIBIOTIC
68462015713,ONDANSETRON ODT,ONDANSETRON,4 MG,"TABLET, ORALLY DISINTEGRATING",30 TABLET in 1 BOTTLE,GLENMARK,ANTIEMETIC
