state,census_region
NY,Northeast
NJ,Northeast
PA,Northeast
MA,Northeast
CT,Northeast
NH,Northeast
RI,Northeast
VT,Northeast
ME,Northeast
IL,Midwest
OH,Midwest
MI,Midwest
IN,Midwest
WI,Midwest
MN,Midwest
MO,Midwest
IA,Midwest
KS,Midwest
NE,Midwest
ND,Midwest
SD,Midwest
TX,South
FL,South
GA,South
NC,South
VA,South
TN,South
AL,South
SC,South
LA,South
KY,South
MD,South
OK,South
AR,South
MS,South
WV,South
DE,South
DC,South
CA,West
WA,West
AZ,West
CO,West
OR,West
UT,West
NV,West
NM,West
ID,West
MT,West
HI,West
AK,West
WY,West
