covariate,smd_unweighted,smd_weighted,var_ratio_unweighted,var_ratio_weighted
prop.score,0.4503709307059183,-0.0036738648158589527,0.8708610522534583,1.0268459761994648
age,-0.12946444189864695,9.195723718086496e-4,0.9984269663895854,1.0000917314058633
sex_Male,-0.0620691214305457,-0.006126295344807405,NA,NA
region_Midwest,0.0089103654195244,9.928306018320567e-4,NA,NA
region_Northeast,-0.001201001831354941,0.0023199463072664933,NA,NA
region_South,-0.00795352483481984,-0.0035018344938313683,NA,NA
region_Unknown,-0.03434585363803957,0.0031257644720668514,NA,NA
region_West,0.0069748428895039394,6.324294319660773e-4,NA,NA
plan_type_PPO,0.016179546255188772,1.4909941364963757e-5,NA,NA
plan_type_HMO,0.007137433086814092,-4.5524335837490314e-4,NA,NA
plan_type_POS,-0.020197286388689534,0.00454000011719039,NA,NA
plan_type_EPO,0.03487837055414171,-0.0017648668400711478,NA,NA
plan_type_CDHP,-0.0332553117114343,-0.002029905013433686,NA,NA
index_qtr_2024Q1,-0.12007983809553635,-0.0029344576292751516,NA,NA
index_qtr_2024Q2,-0.13140003997627228,0.0031286135756453232,NA,NA
index_qtr_2024Q3,-0.006067260254246176,-1.5835435232031754e-4,NA,NA
index_qtr_2024Q4,0.022193879739014894,-0.001541913332391633,NA,NA
index_qtr_2025Q1,0.13505762952512565,-1.8104545973622193e-5,NA,NA
index_qtr_2025Q2,0.09965028004199576,0.0015808335277624893,NA,NA
obesity_class_Class 1,-0.06038720229831003,0.001041938230615537,NA,NA
obesity_class_Class 2,0.03812327528588326,0.0013095935377068373,NA,NA
obesity_class_Class 3,0.07225001030693846,-5.582134223293556e-4,NA,NA
obesity_class_Unknown,-0.059109582746885415,-0.0017229627480278935,NA,NA
hypertension,-0.007991431502235453,0.004537617320140692,NA,NA
dyslipidemia,-0.06550773225185548,0.001954730583680222,NA,NA
sleep_apnea,0.08240503519714498,-0.0020692297081556102,NA,NA
prediabetes,0.02436425279159658,-5.75638769331288e-4,NA,NA
masld,-0.045475294714389276,0.001775745359243741,NA,NA
osteoarthritis,0.030660752222764508,-0.004223593873755794,NA,NA
depression,0.002076055837791092,-2.493962869202005e-4,NA,NA
anxiety,0.013505955424885363,0.0012493560731176067,NA,NA
gerd,0.0275873176241283,4.714008323993864e-5,NA,NA
ascvd,-0.1460809531610535,-0.0040031627314765575,NA,NA
heart_failure,-0.09401586569639475,0.007801224709135792,NA,NA
ckd,-0.04655267769364565,0.005215651877925733,NA,NA
pcos,0.009910879015014806,0.004285098040771809,NA,NA
hypothyroid,-0.03851489679200911,-0.0036980934086853195,NA,NA
gallbladder,0.015140053936285217,-7.772931038923511e-4,NA,NA
pancreatitis,0.008753621603445123,-6.679105483218582e-4,NA,NA
prior_aom,-0,-0,NA,NA
metformin,-0.0061223534259853465,-4.8226809216735865e-4,NA,NA
antihypertensive,-0.005815383646823982,0.0054154363175156865,NA,NA
statin,-0.06510238227619537,0.0021311581479798065,NA,NA
antidepressant,0.003494023811161153,-0.0010101955154195946,NA,NA
n_generics,-0.010211738180020765,0.0011678739387515709,1.0518504639339905,1.076043355998959
bariatric_hx,-0.006665745259750386,-0.0038746688828289956,NA,NA
endo_visit,-0.04434465111856816,-6.317736426967785e-5,NA,NA
base_any_ip,-0.04755854188132202,-0.005502650934992686,NA,NA
base_any_ed,-0.11420894889000839,0.004872097278863791,NA,NA
base_op_visits,-0.22578592719508345,0.011620347273890698,0.7461392982000608,1.1008929290313723
log_base_cost,-0.17052487725499918,8.018649690870374e-4,1.0297249213629716,1.0831797438008568
