variable,level,type,tirz,sema,tirz_w,sema_w,tirz_sd,sema_sd,smd_unweighted,smd_weighted
N patients,,n,2558,2682,2560.8238197475002,2681.2361721841808,NA,NA,NA,NA
age,,mean,44.191946833463646,45.54250559284117,44.96448351665454,44.954890639232644,10.427783090838878,10.43599440625813,-0.12946444189864695,9.195723718086496e-4
sex,Female,pct,68.6473807662236,65.73452647278151,67.35122403778759,67.06372189039561,NA,NA,NA,NA
sex,Male,pct,31.352619233776384,34.26547352721849,32.6487759622124,32.936278109604395,NA,NA,-0.0620691214305457,-0.006126295344807405
region,Midwest,pct,21.61845191555903,21.252796420581653,21.373517308101555,21.33277442629492,NA,NA,0.0089103654195244,9.928306018320567e-4
region,Northeast,pct,16.77091477716966,16.81580909768829,16.836779482020372,16.75005820451247,NA,NA,-0.001201001831354941,0.0023199463072664933
region,South,pct,40.73494917904613,41.126025354213276,40.666119658754425,40.838305459183495,NA,NA,-0.00795352483481984,-0.0035018344938313683
region,Unknown,pct,0.2736512900703675,0.4847129008202834,0.40121683343018955,0.38200843374235616,NA,NA,-0.03434585363803957,0.0031257644720668514
region,West,pct,20.60203283815481,20.320656226696496,20.722366717693458,20.69685347626677,NA,NA,0.0069748428895039394,6.324294319660773e-4
plan_type,PPO,pct,37.02111024237686,36.241610738255034,36.86818517789767,36.867466845521896,NA,NA,0.016179546255188772,1.4909941364963757e-5
plan_type,HMO,pct,16.145426114151682,15.883668903803134,15.878640691877601,15.895336222339115,NA,NA,0.007137433086814092,-4.5524335837490314e-4
plan_type,POS,pct,13.252541047693512,13.944817300521997,13.784367481968014,13.628755772133097,NA,NA,-0.020197286388689534,0.00454000011719039
plan_type,EPO,pct,10.828772478498827,9.768829231916481,10.020448225285914,10.074082000560672,NA,NA,0.03487837055414171,-0.0017648668400711478
plan_type,CDHP,pct,22.752150117279125,24.161073825503358,23.44835842297079,23.534359159445216,NA,NA,-0.0332553117114343,-0.002029905013433686
index_qtr,2024Q1,pct,14.738076622361222,19.23937360178971,16.88202131354156,16.992022005351355,NA,NA,-0.12007983809553635,-0.0029344576292751516
index_qtr,2024Q2,pct,13.64347146207975,18.456375838926174,16.184181887005305,16.06958741675702,NA,NA,-0.13140003997627228,0.0031286135756453232
index_qtr,2024Q3,pct,16.84910086004691,17.076808351976137,16.949337620332848,16.955280743075555,NA,NA,-0.006067260254246176,-1.5835435232031754e-4
index_qtr,2024Q4,pct,17.083659108678656,16.256524981357195,16.616973016689872,16.674437919338285,NA,NA,0.022193879739014894,-0.001541913332391633
index_qtr,2025Q1,pct,18.686473807662235,13.72110365398956,16.321589501345457,16.322255111815146,NA,NA,0.13505762952512565,-1.8104545973622193e-5
index_qtr,2025Q2,pct,18.99921813917123,15.249813571961223,17.045896661084956,16.986416803662642,NA,NA,0.09965028004199576,0.0015808335277624893
obesity_class,Class 1,pct,21.266614542611414,23.788217747949293,22.634771233939315,22.591262763897845,NA,NA,-0.06038720229831003,0.001041938230615537
obesity_class,Class 2,pct,22.947615324472245,21.364653243847876,22.19266631609819,22.138289117505597,NA,NA,0.03812327528588326,0.0013095935377068373
obesity_class,Class 3,pct,34.75371383893667,31.35719612229679,32.9381814538719,32.96442341246198,NA,NA,0.07225001030693846,-5.582134223293556e-4
obesity_class,Unknown,pct,21.03205629397967,23.48993288590604,22.234380996090593,22.30602470613458,NA,NA,-0.059109582746885415,-0.0017229627480278935
hypertension,,pct,40.69585613760751,41.08873974645787,41.2285094590486,41.00542608933942,NA,NA,-0.007991431502235453,0.004537617320140692
dyslipidemia,,pct,34.440969507427674,37.58389261744966,36.21187253833984,36.11808867933377,NA,NA,-0.06550773225185548,0.001954730583680222
sleep_apnea,,pct,36.004691164972634,32.10290827740492,34.09474793769975,34.192723565601774,NA,NA,0.08240503519714498,-0.0020692297081556102
prediabetes,,pct,23.924941360437842,22.89336316181954,23.421504869068162,23.445877313805166,NA,NA,0.02436425279159658,-5.75638769331288e-4
masld,,pct,12.939796716184517,14.504101416853093,13.783589981323754,13.72250611523555,NA,NA,-0.045475294714389276,0.001775745359243741
osteoarthritis,,pct,17.74824081313526,16.592095451155853,17.321376412830997,17.480638274136602,NA,NA,0.030660752222764508,-0.004223593873755794
depression,,pct,21.18842845973417,21.10365398956003,21.056474667938147,21.066658612754175,NA,NA,0.002076055837791092,-2.493962869202005e-4
anxiety,,pct,23.651290070367477,23.07979120059657,23.583278020138312,23.53041203907543,NA,NA,0.013505955424885363,0.0012493560731176067
gerd,,pct,17.63096168881939,16.592095451155853,17.182590996452177,17.18081582419419,NA,NA,0.0275873176241283,4.714008323993864e-5
ascvd,,pct,3.2838154808444098,6.413124533929904,4.788321057679975,4.874075792335717,NA,NA,-0.1460809531610535,-0.0040031627314765575
heart_failure,,pct,1.9155590304925725,3.43027591349739,2.801158552638991,2.675470758483036,NA,NA,-0.09401586569639475,0.007801224709135792
ckd,,pct,2.111024237685692,2.8337061894108873,2.5614405500575494,2.4804729738535913,NA,NA,-0.04655267769364565,0.005215651877925733
pcos,,pct,4.300234558248632,4.1014168530947055,4.317215947855427,4.231254515218105,NA,NA,0.009910879015014806,0.004285098040771809
hypothyroid,,pct,9.929632525410478,11.11111111111111,10.510759781764028,10.624202073817344,NA,NA,-0.03851489679200911,-0.0036980934086853195
gallbladder,,pct,1.7200938232994525,1.5287099179716628,1.661588546464381,1.6714142307342865,NA,NA,0.015140053936285217,-7.772931038923511e-4
pancreatitis,,pct,1.2900703674745895,1.193139448173005,1.2009072730322636,1.2083032042699793,NA,NA,0.008753621603445123,-6.679105483218582e-4
prior_aom,,pct,0,0,0,0,NA,NA,-0,-0
metformin,,pct,4.495699765441751,4.6234153616703955,4.646021673502691,4.656082046148247,NA,NA,-0.0061223534259853465,-4.8226809216735865e-4
antihypertensive,,pct,30.49257232212666,30.760626398210288,30.850164557636177,30.600545638775305,NA,NA,-0.005815383646823982,0.0054154363175156865
statin,,pct,25.01954652071931,27.889634601043994,26.545826091313153,26.451872362064748,NA,NA,-0.06510238227619537,0.0021311581479798065
antidepressant,,pct,21.657544956997654,21.513795674869503,21.628516932757126,21.670077863076713,NA,NA,0.003494023811161153,-0.0010101955154195946
n_generics,,mean,1.6645817044566067,1.6763609246830724,1.6757996798691006,1.6744525395410985,1.1679816401059007,1.138830302666351,-0.010211738180020765,0.0011678739387515709
bariatric_hx,,pct,1.99374511336982,2.087994034302759,2.002346371050516,2.057131447129578,NA,NA,-0.006665745259750386,-0.0038746688828289956
endo_visit,,pct,39.24941360437842,41.42431021625653,40.30492969540101,40.30802824803434,NA,NA,-0.04434465111856816,-6.317736426967785e-5
base_any_ip,,pct,6.841282251759187,8.090976882923192,7.328004526835912,7.472597549636946,NA,NA,-0.04755854188132202,-0.005502650934992686
base_any_ed,,pct,16.301798279906176,20.730797912005965,18.867524552126884,18.678585618134736,NA,NA,-0.11420894889000839,0.004872097278863791
base_op_visits,,mean,5.472243940578577,6.37248322147651,5.997244034762788,5.950912125579657,3.6859259071012582,4.267137563356972,-0.22578592719508345,0.011620347273890698
log_base_cost,,mean,7.164898533511332,7.378548915190661,7.280795240314048,7.2797905848088895,1.2620394915962523,1.243690546485476,-0.17052487725499918,8.018649690870374e-4
base_med_cost,,mean,5153.272662236122,4857.0511446681585,5976.428924830996,4370.506544445022,26237.801155072957,18444.329903379956,NA,NA
base_rx_cost,,mean,92.15510946051603,95.38016032811335,93.98277644375858,93.90473686599886,86.99136933604083,84.89733944415693,NA,NA
base_total_cost,,mean,5245.427771696638,4952.431304996271,6070.411701274755,4464.4112813110205,26241.473273453812,18447.768440266656,NA,NA
