analysis,n,tirz,sema,rd,rd_lo,rd_hi,rr,rr_lo,rr_hi
"Primary: IPTW, 60-day gap",5240,57.95703485428362,50.84753100209877,7.109503852184824,4.3388669329844385,9.880140771385209,1.1398200406528078,1.082947957506552,1.1996788174984008
S1: 30-day gap,5240,42.42303514190502,37.031828660248316,5.39120648165672,2.6626227384023196,8.119790224911121,1.145583047336261,1.0693408105210767,1.2272612299391592
S2: 90-day gap,5240,61.20081604167208,53.818116544731886,7.382699496940163,4.633573516160423,10.131825477719904,1.137178704324701,1.083812016127169,1.1931731576390558
S3: Either drug (switching allowed),5240,58.87334450763546,54.955083329881106,3.9182611777543452,1.1581579080399669,6.678364447468724,1.0712993401204047,1.0205366729007395,1.1245870007593954
S4: 1:1 PS matching (ATT),4708,57.68903993203058,50.97706032285472,6.711979609175472,3.872720706153114,9.55123851219783,1.1316666666597233,1.0736850837094234,1.1927793948707992
S5: Weights trimmed at 1st/99th percentile,5240,57.821472722638454,50.842244121542905,6.979228601095522,4.222283187592811,9.736174014598234,1.1372722373158097,1.080711003710465,1.1967937194390046
S6: Doubly robust (IPTW + outcome model),5240,NA,NA,7.108434865488563,4.398618171348276,9.818251559628852,1.1397984092669142,1.0841369937529823,1.198317575410948
S7: Excluding baseline metformin users,5001,57.907934347816514,51.41333084870306,6.494603499113444,3.652603991239661,9.336603006987227,1.1263213915846657,1.0690409016613474,1.1866710386569355
S8: Recorded obesity class only,4072,58.75693647682903,51.59697330809927,7.159963168729731,4.022583859159734,10.29734247829973,1.1387671157701773,1.0754377826643382,1.2058257249868989
S11: Negative control outcome - cancer screening,5240,6.6884003845065365,7.135411584957111,-0.4470112004505744,-1.941382980434974,1.047360579533825,0.937353130211447,0.7540990911028849,1.1651398351802582
