subgroup,p_interaction,analysis,n,tirz,sema,rd,rd_lo,rd_hi,rr,rr_lo,rr_hi
Obesity class,0.3932397625976502,Class 1,1182,55.98134914131746,49.27891802614152,6.702431115175942,0.8586989003424625,12.546163330009424,1.136010111078473,1.0165490472086856,1.2695097949441059
Obesity class,0.3932397625976502,Class 2,1160,53.03044825805462,50.031987359599675,2.9984608984549572,-2.9207630677305434,8.917684864640458,1.0599308773521476,0.9447672636584655,1.1891325069987007
Obesity class,0.3932397625976502,Class 3,1730,64.63043517126113,53.94286084621841,10.687574325042705,5.947880538186882,15.42726811189853,1.1981276883954328,1.104448164853912,1.2997531286492396
Obesity class,0.3932397625976502,Unknown,1168,54.99961571066685,48.67125462107511,6.328361089591729,0.445407428997166,12.211314750186292,1.1300225592730877,1.0087425549117381,1.265883924742154
Sex,0.622643801142009,Female,3519,56.779390311926704,50.261496696968265,6.517893614958428,3.124396895188894,9.911390334727962,1.129679656254826,1.059933426257981,1.2040153599660215
Sex,0.622643801142009,Male,1721,60.38640009299758,52.040793990913606,8.345606102083973,3.5542001810130106,13.137012023154938,1.160366617451614,1.0651329397173697,1.2641151509720259
Age group,0.28584090047387695,18-44,2519,53.08615635927424,44.99660388176478,8.089552477509457,4.109424629144094,12.06968032587482,1.1797814007549827,1.0866223248200275,1.28092725666935
Age group,0.28584090047387695,45-64,2721,62.49968503769763,56.07584289123668,6.423842146460928,2.6087339913488288,10.238950301573029,1.1145563189992878,1.0450850179263016,1.1886456765844133
Plan type,0.49671140278842874,Non-CDHP,4010,59.35551526608717,51.57710500545618,7.778410260630979,4.618887293443915,10.937933227818043,1.15081130008178,1.0866676873379886,1.2187411697500816
Plan type,0.49671140278842874,CDHP,1230,53.39142862694087,48.47706731836834,4.914361308572525,-0.8321811078688047,10.660903725013855,1.1013749712953145,0.9838091423951218,1.2329899927973766
